{"cameraMode":{"drawMode":0,"name":"Shaded","section":"Shading Mode"},"sceneLighting":true,"audioPlay":false,"sceneViewState":{"m_AlwaysRefresh":false,"showFog":true,"showSkybox":true,"showFlares":true,"showImageEffects":true,"showParticleSystems":true,"showVisualEffectGraphs":true,"m_FxEnabled":true},"in2DMode":false,"pivot":{"x":1.1267950534820557,"y":1.1845768690109254,"z":-4.881012916564941},"rotation":{"x":-0.01942501775920391,"y":0.9790850877761841,"z":-0.16787470877170564,"w":-0.11329112946987152},"size":23.710372924804689,"orthographic":false}